Sentence,Typicality,Rating,agent_freq,patient_freq,sentence_freq,verb_freq
The actor won the battle.,AT,2.6,9.884865228,10.87492913,12.40319537,11.76254735
The actor won the award.,T,5.8,9.884865228,9.80642584,12.18949472,11.76254735
The anchorman told the parable.,AT,3,5.673323267,8.231908244,10.62776696,9.739968123
The anchorman told the news.,T,6.75,5.673323267,11.44408972,11.27020325,9.739968123
The animal found the map.,AT,2,11.13418018,10.73798237,12.58504691,11.55943684
The animal found the food.,T,5.85,11.13418018,10.95341717,12.62813387,11.55943684
The ant stacked the suitcase.,AT,1.95,14.13635126,6.830874235,11.35342719,9.216918687
The ant stacked the supply.,T,4.4,14.13635126,10.1361457,12.01448148,9.216918687
The archeologist examined the dog.,AT,1.6,7.006695227,11.77820854,11.46973945,11.18005075
The archeologist examined the epigraph.,T,5.5,7.006695227,8.709300049,10.85595775,11.18005075
The archer released the interview.,AT,2.5,8.724532511,9.677778212,11.39338185,10.38393644
The archer released the arrow.,T,6.6,8.724532511,10.0648408,11.47079437,10.38393644
The artist assembled the tent.,AT,2,10.44152943,11.56777343,11.86273923,10.67929708
The artist assembled the art.,T,6.35,10.44152943,13.12833352,12.17485125,10.67929708
The artist hung the motorcycle.,AT,1.95,10.44152943,7.119635638,11.49505885,10.42049404
The artist hung the picture.,T,5.5,10.44152943,10.56640746,12.18441322,10.42049404
The assistant helped the soldier.,AT,2.8,9.145588495,10.53228286,11.29358396,11.1131044
The assistant helped the cook.,T,5.25,9.145588495,10.46070046,11.27926748,11.1131044
The astronaut reached the baker.,AT,2.35,7.550661243,8.772145439,11.04463421,10.51251916
The astronaut reached the moon.,T,5.4,7.550661243,11.04389736,11.49898459,10.51251916
The astronaut touched the guitar.,AT,2,7.550661243,9.016148643,10.7668079,10.81977828
The astronaut touched the ground.,T,4.8,7.550661243,11.40869764,11.2453177,10.81977828
The athlete celebrated the marriage.,AT,3.1,7.987864096,10.56516987,11.18390106,11.0421055
The athlete celebrated the victory.,T,6.65,7.987864096,9.7179408,11.01445525,11.0421055
The athlete started the vacuum.,AT,3.45,7.987864096,9.044049632,11.03861137,10.78373651
The athlete started the match.,T,4.15,7.987864096,10.35268242,11.30033793,10.78373651
The athlete won the toy.,AT,3.15,7.987864096,10.16523624,11.88185657,11.76254735
The athlete won the cup.,T,5.15,7.987864096,11.686946,12.18619852,11.76254735
The author signed the check.,AT,3.4,12.03998264,10.77249798,12.23524337,12.54921544
The author signed the book.,T,6.15,12.03998264,11.84813262,12.45037029,12.54921544
The baker gathered the soldier.,AT,1,8.772145439,10.53228286,11.30947718,9.968807019
The baker gathered the bread.,T,6.3,8.772145439,10.49957302,11.30293522,9.968807019
The baker sold the stroller.,AT,2.05,8.772145439,7.118826249,11.35784237,11.40460502
The baker sold the bread.,T,6.45,8.772145439,10.49957302,12.03399173,11.40460502
The bank assigned the book.,AT,2.1,11.43909592,11.84813262,12.25577481,10.88986389
The bank assigned the code.,T,6.15,11.43909592,10.65563451,12.01727519,10.88986389
The barber cut the cake.,AT,2.1,9.364433907,9.267759863,11.96915046,11.71992337
The barber cut the hair.,T,6.65,9.364433907,11.1948804,12.35457457,11.71992337
The barber used the microscope.,AT,1.2,9.364433907,8.289790583,11.60058171,12.22692374
The barber used the razor.,T,6.55,9.364433907,9.017483513,11.7461203,12.22692374
The bartender handed the lancet.,AT,1.4,6.80461452,8.249836485,10.5724367,12.66807245
The bartender handed the drink.,T,6.55,6.80461452,10.63859208,11.05018782,12.66807245
The bartender shook the flag.,AT,2.05,6.80461452,11.29960847,11.09731354,7.888709524
The bartender shook the drink.,T,6.25,6.80461452,10.63859208,10.96511026,7.888709524
The beautician spread the paint.,AT,2.9,6.608000625,10.79865679,11.33506431,9.775028986
The beautician spread the cream.,T,5.2,6.608000625,9.901535649,11.15564008,9.775028986
The biker started the lesson.,AT,3.4,6.886531643,9.195328252,10.8486006,10.78373651
The biker started the motorcycle.,T,6.15,6.886531643,7.119635638,10.43346208,10.78373651
The biker wore the swimsuit.,AT,2.1,6.886531643,6.606650186,10.28382113,8.432288684
The biker wore the helmet.,T,6.8,6.886531643,8.539150359,10.67032117,8.432288684
The billionaire donated the book.,AT,4.15,6.480044562,11.84813262,10.76905199,10.01735181
The billionaire donated the money.,T,6.2,6.480044562,11.14158638,10.62774274,10.01735181
The binman collected the flower.,AT,3.05,4.219507705,10.85738231,10.7004947,11.23125197
The binman collected the trash.,T,5.35,4.219507705,8.929037906,10.31482582,11.23125197
The biologist used the razor.,AT,3.3,7.62754439,9.017483513,11.39874239,12.22692374
The biologist used the microscope.,T,6.7,7.62754439,8.289790583,11.25320381,12.22692374
The blacksmith poured the wine.,AT,1.6,8.436200032,10.74019381,11.18342192,11.18725073
The blacksmith poured the metal.,T,6.5,8.436200032,11.42723685,11.32083052,11.18725073
The bodybuilder lifted the flag.,AT,3.1,5.85220248,11.29960847,10.8271951,9.99341966
The bodybuilder lifted the weight.,T,6.45,5.85220248,10.60737683,10.68874877,9.99341966
The boss assigned the medal.,AT,3,9.850350454,9.354527292,11.43930466,10.88986389
The boss assigned the job.,T,6.75,9.850350454,10.86862559,11.74212431,10.88986389
The boss promised the heaven.,AT,2.25,9.850350454,10.62127856,11.68576912,11.13801381
The boss promised the promotion.,T,5.95,9.850350454,9.064967719,11.37450695,11.13801381
The botanist examined the tire.,AT,3,7.821643126,10.34592726,11.34627278,11.18005075
The botanist examined the plant.,T,6.55,7.821643126,11.69929714,11.61694675,11.18005075
The boxer delivered the drink.,AT,2.2,7.306531399,10.63859208,11.26333969,10.93686775
The boxer delivered the punch.,T,6.15,7.306531399,9.805378459,11.09669697,10.93686775
The breeder sold the cigarette.,AT,1.9,7.458762692,8.586532669,11.38870711,11.40460502
The breeder sold the dog.,T,6.25,7.458762692,11.77820854,12.02704228,11.40460502
The burglar climbed the rock.,AT,2.75,9.003439196,11.25896182,11.23715113,9.345657669
The burglar climbed the wall.,T,6.05,9.003439196,11.37780424,11.26091961,9.345657669
The businessman read the fable.,AT,2.35,7.118016204,8.887928819,11.49356033,11.96822147
The businessman read the report.,T,6.45,7.118016204,11.76120641,12.06821585,11.96822147
The businessman tied the prisoner.,AT,1.45,7.118016204,9.916798567,10.98100016,11.81357065
The businessman tied the necktie.,T,6.5,7.118016204,7.478734826,10.49338741,11.81357065
The businessman wore the uniform.,AT,4.15,7.118016204,10.19988157,11.04876432,8.432288684
The businessman wore the tie.,T,6.55,7.118016204,11.81357065,11.37150214,8.432288684
The butcher carved the stone.,AT,2.3,9.393328373,11.02754014,11.4644856,9.819290394
The butcher carved the meat.,T,5.75,9.393328373,10.51006871,11.36099131,9.819290394
The butcher cut the tree.,AT,1.8,9.393328373,11.13415097,12.34820758,11.71992337
The butcher cut the meat.,T,6.75,9.393328373,10.51006871,12.22339112,11.71992337
The butcher sold the weapon.,AT,1.6,9.393328373,10.07752489,12.07381869,11.40460502
The butcher sold the meat.,T,6.95,9.393328373,10.51006871,12.16032745,11.40460502
The butcher used the camera.,AT,2.05,9.393328373,9.579971027,11.86439669,12.22692374
The butcher used the knife.,T,6.35,9.393328373,9.549024446,11.85820738,12.22692374
The cameraman recorded the sale.,AT,2.45,6.018593214,11.22586986,11.2629078,11.39285732
The cameraman recorded the video.,T,6.85,6.018593214,9.791997177,10.97613326,11.39285732
The candidate celebrated the holiday.,AT,5,9.950418847,9.033006357,11.26997931,11.0421055
The candidate celebrated the victory.,T,5.9,9.950418847,9.7179408,11.4069662,11.0421055
The carpenter fixed the shoe.,AT,1.2,8.716863387,10.53158942,11.70105569,11.29729115
The carpenter fixed the chair.,T,5.55,8.716863387,10.36429276,11.66759635,11.29729115
The carpenter flipped the hair.,AT,3.1,8.716863387,11.1948804,11.14985188,9.6164053
The carpenter flipped the board.,T,6.35,8.716863387,10.67885967,11.04664773,9.6164053
The carpenter grabbed the ball.,AT,1.25,8.716863387,11.66416907,11.16764939,9.810549557
The carpenter grabbed the board.,T,5.85,8.716863387,10.67885967,10.97058751,9.810549557
The carver built the house.,AT,2.9,7.492760301,11.98804101,11.72036822,9.627404616
The carver built the sculpture.,T,6.05,7.492760301,8.739856627,11.07073134,9.627404616
The cat chased the kite.,AT,3.9,13.17760507,9.087946724,11.71474597,9.064620718
The cat chased the bird.,T,5.85,13.17760507,10.93157008,12.08347064,9.064620718
The cat drank the coffee.,AT,1.45,13.17760507,9.935325309,12.07048675,7.74586823
The cat drank the milk.,T,5.6,13.17760507,10.90780748,12.26498319,7.74586823
The champion held the guitar.,AT,2.95,8.623713035,9.016148643,11.4560018,10.14651216
The champion held the cup.,T,6.4,8.623713035,11.686946,11.99016127,10.14651216
The chauffeur carried the rifle.,AT,2.1,7.562161631,9.650013651,11.05401561,11.10370833
The chauffeur carried the passenger.,T,6.65,7.562161631,9.226607344,10.96933435,11.10370833
The cheerleader carried the rifle.,AT,2.2,6.525029658,9.650013651,10.84658921,11.10370833
The cheerleader carried the flag.,T,5.2,6.525029658,11.29960847,11.17650818,11.10370833
The cheerleader performed the spell.,AT,1.65,6.525029658,9.892932039,11.09901715,11.25307903
The cheerleader performed the dance.,T,5.75,6.525029658,10.07487454,11.13540565,11.25307903
The cheerleader shook the drink.,AT,2.75,6.525029658,10.63859208,10.90919328,7.888709524
The cheerleader shook the flag.,T,5.15,6.525029658,11.29960847,11.04139656,7.888709524
The chemist mixed the music.,AT,1.35,8.952217102,11.18587867,11.78395456,11.07856693
The chemist mixed the substance.,T,6.85,8.952217102,10.07916207,11.56261124,11.07856693
The chemist poured the juice.,AT,2.75,8.952217102,8.686260633,10.8758387,11.18725073
The chemist poured the compound.,T,6.25,8.952217102,10.1398237,11.16655131,11.18725073
The chemist sold the dog.,AT,1.9,8.952217102,11.77820854,12.32573316,11.40460502
The chemist sold the drug.,T,4.45,8.952217102,10.77138604,12.12436866,11.40460502
The child ate the bone.,AT,2.85,12.02586884,10.81093934,12.7641019,11.49006617
The child ate the candy.,T,6.35,12.02586884,8.911395107,12.38419306,11.49006617
The child built the sculpture.,AT,3.95,12.02586884,8.739856627,11.97735305,9.627404616
The child built the snowman.,T,6.15,12.02586884,6.598509029,11.54908353,9.627404616
The child celebrated the victory.,AT,5.05,12.02586884,9.7179408,11.8220562,11.0421055
The child celebrated the birthday.,T,6.45,12.02586884,8.522180733,11.58290418,11.0421055
The child chased the thief.,AT,2.05,12.02586884,8.50167338,11.36714406,9.064620718
The child chased the toy.,T,6.1,12.02586884,10.16523624,11.69985663,9.064620718
The child climbed the mountain.,AT,3.2,12.02586884,10.7345907,11.73676284,9.345657669
The child climbed the tree.,T,5.2,12.02586884,11.13415097,11.81667489,9.345657669
The child crossed the river.,AT,3.5,12.02586884,11.04236168,12.03846539,12.05761324
The child crossed the park.,T,5.55,12.02586884,10.26844312,11.88368168,12.05761324
The child cut the tree.,AT,1.75,12.02586884,11.13415097,12.87471567,11.71992337
The child cut the paper.,T,5.35,12.02586884,11.27541673,12.90296882,11.71992337
The child drank the beer.,AT,2,12.02586884,10.06479825,11.8660341,7.74586823
The child drank the coke.,T,4.65,12.02586884,8.966483779,11.6463712,7.74586823
The child drew the horse.,AT,5.65,12.02586884,11.65417326,12.33175208,8.485083137
The child drew the flower.,T,4.95,12.02586884,10.85738231,12.17239389,8.485083137
The child enjoyed the lecture.,AT,2.85,12.02586884,9.701922012,11.89183396,10.24110199
The child enjoyed the ride.,T,6.7,12.02586884,10.39360013,12.03016959,10.24110199
The child found the corpse.,AT,1.45,12.02586884,8.688116703,12.35341151,11.55943684
The child found the doll.,T,5.65,12.02586884,11.01812082,12.81941233,11.55943684
The child grabbed the tyre.,AT,2.3,12.02586884,8.132118773,11.12304042,9.810549557
The child grabbed the frisbee.,T,4.95,12.02586884,6.154858094,10.72758829,9.810549557
The child lent the car.,AT,1.45,12.02586884,14.1218468,13.3137562,10.92743017
The child lent the pen.,T,4.45,12.02586884,13.40902843,13.17119252,10.92743017
The child opened the congress.,AT,1.5,12.02586884,9.638740451,11.99755271,11.4584904
The child opened the present.,T,6.7,12.02586884,11.76513061,12.42283074,11.4584904
The child picked the investment.,AT,1.65,12.02586884,10.08393235,11.76077225,10.86902549
The child picked the flower.,T,5.4,12.02586884,10.85738231,11.91546224,10.86902549
The child rode the bull.,AT,2,12.02586884,11.53148222,12.56809297,9.789478636
The child rode the bus.,T,5.3,12.02586884,12.36680022,12.73515657,9.789478636
The child threw the bottle.,AT,4.2,12.02586884,9.750161533,11.86585157,8.059592329
The child threw the ball.,T,6.35,12.02586884,11.66416907,12.24865308,8.059592329
The child threw the spear.,AT,1.6,12.02586884,10.08108966,11.9320372,8.059592329
The child threw the snowball.,T,5.95,12.02586884,7.97831097,11.51148146,8.059592329
The child told the verdict.,AT,2.05,12.02586884,9.160834952,12.08406142,9.739968123
The child told the lie.,T,5.95,12.02586884,12.49469677,12.75083378,9.739968123
The child visited the president.,AT,3.05,12.02586884,10.20916916,11.89620166,11.10019402
The child visited the grandmother.,T,5.95,12.02586884,8.245121966,11.50339223,11.10019402
The child visited the prisoner.,AT,2,12.02586884,9.916798567,11.83772755,11.10019402
The child visited the zoo.,T,6.3,12.02586884,10.96581614,12.04753106,11.10019402
The child wrote the diagnosis.,AT,1.05,12.02586884,9.119430497,12.09460368,9.834083882
The child wrote the conjugation.,T,3.95,12.02586884,7.726653665,11.81604831,9.834083882
The climber climbed the staircase.,AT,5.6,7.387709239,7.361375429,10.13448786,9.345657669
The climber climbed the rock.,T,6.8,7.387709239,11.25896182,10.91400514,9.345657669
The climber faced the ocean.,AT,2.35,7.387709239,10.28051889,11.10550713,11.35589732
The climber faced the wall.,T,5.5,7.387709239,11.37780424,11.3249642,11.35589732
The climber used the blackboard.,AT,1.8,7.387709239,7.44716836,11.03671233,12.22692374
The climber used the rope.,T,6.85,7.387709239,10.07006075,11.56129081,12.22692374
The coach checked the car.,AT,2.45,9.954180667,14.1218468,12.20934022,10.77249798
The coach checked the team.,T,6.95,9.954180667,10.16052999,11.41707686,10.77249798
The cobbler fixed the phone.,AT,1.55,7.557994959,9.827793708,11.32852286,11.29729115
The cobbler fixed the shoe.,T,6.25,7.557994959,10.53158942,11.469282,11.29729115
The cobbler sewed the parachute.,AT,1.6,7.557994959,7.738052298,10.29684889,10.37111336
The cobbler sewed the shoe.,T,6.6,7.557994959,10.53158942,10.85555632,10.37111336
The collector donated the blood.,AT,3.4,8.894670263,11.61530153,11.20541091,10.01735181
The collector donated the painting.,T,3.7,8.894670263,9.599133946,10.80217739,10.01735181
The comedian entertained the soldier.,AT,4.3,7.450660796,10.53228286,11.04283902,10.10242038
The comedian entertained the audience.,T,6.35,7.450660796,9.923094082,10.92100126,10.10242038
The confectioner decorated the tree.,AT,2.9,7.763446389,11.13415097,11.03604085,10.821916
The confectioner decorated the cake.,T,6.05,7.763446389,9.267759863,10.66276263,10.821916
The confectioner spread the cement.,AT,1.2,7.763446389,9.854034669,11.37722904,9.775028986
The confectioner spread the icing.,T,6.35,7.763446389,7.363913501,10.87920481,9.775028986
The cook bought the ticket.,AT,3,10.46070046,9.61480498,11.62480297,8.554874258
The cook bought the food.,T,5.1,10.46070046,10.95341717,11.89252541,8.554874258
The cook checked the tire.,AT,1.9,10.46070046,10.34592726,11.55546027,10.77249798
The cook checked the groceries.,T,6.2,10.46070046,6.423246964,10.77092421,10.77249798
The cook cleaned the window.,AT,2.3,10.46070046,10.5065459,11.44884134,10.62580511
The cook cleaned the fish.,T,6.1,10.46070046,11.4569158,11.63891532,10.62580511
The cook cut the grass.,AT,3.35,10.46070046,10.59149656,12.45315111,11.71992337
The cook cut the fish.,T,5.75,10.46070046,11.4569158,12.62623496,11.71992337
The cook flipped the hair.,AT,2.5,10.46070046,11.1948804,11.49861929,9.6164053
The cook flipped the pancake.,T,6.3,10.46070046,7.830822995,10.82580781,9.6164053
The cook mixed the paint.,AT,1.9,10.46070046,10.79865679,12.00820686,11.07856693
The cook mixed the ingredient.,T,6.15,10.46070046,8.591929538,11.56686141,11.07856693
The cowboy enjoyed the snack.,AT,4.8,7.723562472,8.172446818,10.72547765,10.24110199
The cowboy enjoyed the ride.,T,5.6,7.723562472,10.39360013,11.16970831,10.24110199
The cowboy rode the bike.,AT,3.25,7.723562472,8.190354404,11.03940613,9.789478636
The cowboy rode the bull.,T,5.7,7.723562472,11.53148222,11.7076317,9.789478636
The crew loaded the stroller.,AT,3.4,9.669472621,7.118826249,10.72286065,10.34380487
The crew loaded the container.,T,5.2,9.669472621,8.567886306,11.01267266,10.34380487
The customer read the music.,AT,2.6,9.891465577,11.18587867,12.50784017,11.96822147
The customer read the menu.,T,5.45,9.891465577,9.579141496,12.18649274,11.96822147
The cyclist completed the project.,AT,2.7,6.728628613,10.99551152,11.35855176,11.21100923
The cyclist completed the race.,T,6.25,6.728628613,11.15254366,11.38995818,11.21100923
The cyclist fixed the hair.,AT,2.5,6.728628613,11.1948804,11.43606693,11.29729115
The cyclist fixed the bike.,T,6.1,6.728628613,8.190354404,10.83516173,11.29729115
The cyclist rode the skates.,AT,2.1,6.728628613,6.469250317,10.49619854,9.789478636
The cyclist rode the bike.,T,6.5,6.728628613,8.190354404,10.84041936,9.789478636
The dealer checked the net.,AT,2.95,8.812992232,11.66992921,11.49071902,10.77249798
The dealer checked the car.,T,5.9,8.812992232,14.1218468,11.98110253,10.77249798
The dealer examined the plant.,AT,2.35,8.812992232,11.69929714,11.81521657,11.18005075
The dealer examined the car.,T,6.4,8.812992232,14.1218468,12.29972651,11.18005075
The dealer sold the meat.,AT,3.9,8.812992232,10.51006871,12.04426022,11.40460502
The dealer sold the car.,T,6.7,8.812992232,14.1218468,12.76661584,11.40460502
The deejay mixed the ingredient.,AT,2.1,6.378426184,8.591929538,10.75040655,11.07856693
The deejay mixed the music.,T,6.65,6.378426184,11.18587867,11.26919638,11.07856693
The demonstrator carried the ball.,AT,3.45,7.244941546,11.66416907,11.39340267,11.10370833
The demonstrator carried the flag.,T,5.85,7.244941546,11.29960847,11.32049056,11.10370833
The demonstrator signed the shirt.,AT,2.1,7.244941546,9.704426672,11.06262088,12.54921544
The demonstrator signed the petition.,T,5.25,7.244941546,10.14643373,11.1510223,12.54921544
The demonstrator threw the frisbee.,AT,2.05,7.244941546,6.154858094,10.19060543,8.059592329
The demonstrator threw the stone.,T,3.5,7.244941546,11.02754014,11.16514183,8.059592329
The diplomat carried the dog.,AT,3,9.834887461,11.77820854,11.93419975,11.10370833
The diplomat carried the message.,T,5.65,9.834887461,9.93914423,11.56638689,11.10370833
The doctor helped the cook.,AT,2.05,10.23160354,10.46070046,11.49647049,11.1131044
The doctor helped the woman.,T,6.1,10.23160354,10.80758424,11.56584724,11.1131044
The doctor offered the breakfast.,AT,2.15,10.23160354,9.143773128,11.63076202,11.26080357
The doctor offered the support.,T,6,10.23160354,11.0355185,12.0091111,11.26080357
The doctor sewed the shoe.,AT,1.6,10.23160354,10.53158942,11.39027804,10.37111336
The doctor sewed the wound.,T,5.65,10.23160354,10.58185099,11.40033035,10.37111336
The doctor used the shovel.,AT,2.9,10.23160354,9.389573832,11.99397229,12.22692374
The doctor used the stethoscope.,T,5.85,10.23160354,7.104144093,11.53688634,12.22692374
The doctor visited the museum.,AT,2.95,10.23160354,8.870663004,11.26964737,11.10019402
The doctor visited the patient.,T,6.05,10.23160354,11.11489267,11.71849331,11.10019402
The doctor wrote the conjugation.,AT,3.05,10.23160354,7.726653665,11.45719525,9.834083882
The doctor wrote the diagnosis.,T,6.8,10.23160354,9.119430497,11.73575062,9.834083882
The dog ate the plant.,AT,4.3,11.77820854,11.69929714,12.8922414,11.49006617
The dog ate the bone.,T,6.25,11.77820854,10.81093934,12.71456984,11.49006617
The dog carried the flag.,AT,1.45,11.77820854,11.29960847,12.22714395,11.10370833
The dog carried the ball.,T,6,11.77820854,11.66416907,12.30005607,11.10370833
The dog caught the wave.,AT,2.35,11.77820854,10.86626103,12.06641155,8.193953024
The dog caught the ball.,T,5.65,11.77820854,11.66416907,12.22599316,8.193953024
The dog chased the tank.,AT,2.25,11.77820854,9.98266835,11.61381099,9.064620718
The dog chased the ball.,T,6.5,11.77820854,11.66416907,11.95011113,9.064620718
The dog dug the grave.,AT,2.6,11.77820854,10.95875731,12.35241648,9.531481398
The dog dug the hole.,T,6.5,11.77820854,9.82795549,12.12625612,9.531481398
The dog fetched the tray.,AT,3.2,11.77820854,10.03368213,11.71516774,9.183996397
The dog fetched the ball.,T,5.5,11.77820854,11.66416907,12.04126513,9.183996397
The dog pulled the trigger.,AT,2.8,11.77820854,8.687948112,11.44905967,10.63067378
The dog pulled the sled.,T,5.05,11.77820854,9.504128763,11.6122958,10.63067378
The driver heard the baby.,AT,3.25,8.876404915,10.26042746,11.71349731,9.937019036
The driver heard the horn.,T,5.75,8.876404915,10.91100742,11.84361331,9.937019036
The electrician checked the rifle.,AT,1.9,7.638198244,9.650013651,10.85177711,10.77249798
The electrician checked the device.,T,5.35,7.638198244,9.929545087,10.90768339,10.77249798
The employee passed the rifle.,AT,1.8,10.47765411,9.650013651,11.89596908,12.62649861
The employee passed the report.,T,5.4,10.47765411,11.76120641,12.31820763,12.62649861
The employer offered the candy.,AT,2.85,10.07285051,8.911395107,11.55253581,11.26080357
The employer offered the job.,T,6.65,10.07285051,10.86862559,11.94398191,11.26080357
The engineer completed the painting.,AT,1.85,9.698490847,9.599133946,11.67324869,11.21100923
The engineer completed the project.,T,6.25,9.698490847,10.99551152,11.9525242,11.21100923
The engineer drew the flower.,AT,2.1,9.698490847,10.85738231,11.70691829,8.485083137
The engineer drew the turbine.,T,5.4,9.698490847,8.349011198,11.20524407,8.485083137
The farmer picked the killer.,AT,1.55,10.00106788,7.512617545,10.8415491,10.86902549
The farmer picked the vegetable.,T,5.8,10.00106788,8.785080637,11.09604171,10.86902549
The farmer plowed the sand.,AT,4.1,10.00106788,11.61528348,11.54866099,9.728836502
The farmer plowed the field.,T,6.8,10.00106788,11.30251303,11.4861069,9.728836502
The farmer sold the drug.,AT,1.45,10.00106788,10.77138604,12.33413882,11.40460502
The farmer sold the corn.,T,6.25,10.00106788,12.11829552,12.60352072,11.40460502
The farmer sprayed the cream.,AT,2.15,10.00106788,9.901535649,11.1815968,9.135293498
The farmer sprayed the pesticide.,T,6.7,10.00106788,7.171656823,10.63562104,9.135293498
The farmer used the computer.,AT,2.55,10.00106788,10.01681624,12.07331364,12.22692374
The farmer used the shovel.,T,5.95,10.00106788,9.389573832,11.94786515,12.22692374
The fighter kicked the television.,AT,2.6,8.239065332,8.951310542,10.61618814,9.792779431
The fighter kicked the opponent.,T,5.55,8.239065332,9.48425308,10.72277665,9.792779431
The firefighter fought the crime.,AT,2.05,6.598509029,10.56862099,11.02621528,8.470311206
The firefighter fought the fire.,T,7,6.598509029,11.95900775,11.30429263,8.470311206
The fisherman caught the ball.,AT,2.2,7.530479995,11.66416907,11.37644745,8.193953024
The fisherman caught the fish.,T,6.45,7.530479995,11.4569158,11.3349968,8.193953024
The fisherman checked the car.,AT,1.75,7.530479995,14.1218468,11.72460009,10.77249798
The fisherman checked the net.,T,6.15,7.530479995,11.66992921,11.23421657,10.77249798
The fisherman sold the drug.,AT,1.55,7.530479995,10.77138604,11.84002124,11.40460502
The fisherman sold the fish.,T,6.45,7.530479995,11.4569158,11.97712719,11.40460502
The florist sold the bike.,AT,1.4,8.004699511,8.190354404,11.41865882,11.40460502
The florist sold the flower.,T,6.15,8.004699511,10.85738231,11.9520644,11.40460502
The footballer chased the toy.,AT,2.7,6.406879986,10.16523624,10.57605886,9.064620718
The footballer chased the ball.,T,5.75,6.406879986,11.66416907,10.87584542,9.064620718
The footballer delivered the lecture.,AT,3.2,6.406879986,9.701922012,10.8960754,10.93686775
The footballer delivered the kick.,T,5.9,6.406879986,9.792779431,10.91424688,10.93686775
The footballer hit the car.,AT,2.3,6.406879986,14.1218468,12.29013318,11.42830396
The footballer hit the ball.,T,6.05,6.406879986,11.66416907,11.79859763,11.42830396
The footballer kicked the vase.,AT,1.35,6.406879986,9.422867771,10.34406251,9.792779431
The footballer kicked the ball.,T,6.6,6.406879986,11.66416907,10.79232277,9.792779431
The footballer passed the knife.,AT,1.55,6.406879986,9.549024446,11.06161642,12.62649861
The footballer passed the ball.,T,6.75,6.406879986,11.66416907,11.48464534,12.62649861
The gardener cut the fish.,AT,1.45,7.54009032,11.4569158,12.04211293,11.71992337
The gardener cut the grass.,T,6.5,7.54009032,10.59149656,11.86902908,11.71992337
The gardener decorated the book.,AT,2.05,7.54009032,11.84813262,11.13416597,10.821916
The gardener decorated the garden.,T,6.3,7.54009032,10.34386925,10.83331329,10.821916
The gardener gathered the flag.,AT,1.9,7.54009032,11.29960847,11.21653128,9.968807019
The gardener gathered the grass.,T,5.65,7.54009032,10.59149656,11.0749089,9.968807019
The gardener pushed the demonstrator.,AT,2.6,7.54009032,7.244941546,10.23365167,10.11585323
The gardener pushed the mower.,T,5.65,7.54009032,7.396948603,10.26405308,10.11585323
The general gathered the bread.,AT,1.85,11.58818135,10.49957302,11.8661424,9.968807019
The general gathered the soldier.,T,5.9,11.58818135,10.53228286,11.87268437,9.968807019
The general sent the postcard.,AT,3.2,11.58818135,8.003697339,12.2622386,12.22567918
The general sent the soldier.,T,6.8,11.58818135,10.53228286,12.76795571,12.22567918
The general won the toy.,AT,1.55,11.58818135,10.16523624,12.60192002,11.76254735
The general won the battle.,T,6.1,11.58818135,10.87492913,12.7438586,11.76254735
The goalkeeper caught the fish.,AT,1.65,6.455198563,11.4569158,11.11994051,8.193953024
The goalkeeper caught the ball.,T,6,6.455198563,11.66416907,11.16139116,8.193953024
The goalkeeper grabbed the phone.,AT,2.65,6.455198563,9.827793708,10.34804135,9.810549557
The goalkeeper grabbed the ball.,T,5.6,6.455198563,11.66416907,10.71531643,9.810549557
The goalkeeper held the child.,AT,2.7,6.455198563,12.02586884,11.62424295,10.14651216
The goalkeeper held the ball.,T,6.7,6.455198563,11.66416907,11.55190299,10.14651216
The goalkeeper threw the bomb.,AT,1.05,6.455198563,10.99891143,11.0014675,8.059592329
The goalkeeper threw the ball.,T,6.15,6.455198563,11.66416907,11.13451902,8.059592329
The government offered the drink.,AT,1.5,11.34302643,10.63859208,12.15201039,11.26080357
The government offered the protection.,T,5.7,11.34302643,10.18467357,12.06122669,11.26080357
The grandfather told the strategy.,AT,4.15,8.529121762,9.345046075,11.42155422,9.739968123
The grandfather told the story.,T,6.55,8.529121762,10.41783696,11.6361124,9.739968123
The guard opened the present.,AT,2.05,11.07621734,11.76513061,12.23290044,11.4584904
The guard opened the jail.,T,6.5,11.07621734,9.992276515,11.87832962,11.4584904
The guard tied the roast.,AT,2.5,11.07621734,9.215526899,11.63238605,11.81357065
The guard tied the prisoner.,T,4.8,11.07621734,9.916798567,11.77264038,11.81357065
The guest held the camera.,AT,3.55,9.774346508,9.579971027,11.79889297,10.14651216
The guest held the drink.,T,5.3,9.774346508,10.63859208,12.01061718,10.14651216
The guest hung the laundry.,AT,3.9,9.774346508,8.080237416,11.55374262,10.42049404
The guest hung the coat.,T,5.2,9.774346508,10.25576283,11.98884771,10.42049404
The guide described the software.,AT,3.8,10.25107634,8.160232492,11.67052872,10.99613207
The guide described the monument.,T,5.9,10.25107634,9.927252906,12.0239328,10.99613207
The hairstylist fixed the bike.,AT,1.25,5.905361848,8.190354404,10.67050838,11.29729115
The hairstylist fixed the hair.,T,6.85,5.905361848,11.1948804,11.27141357,11.29729115
The hairstylist flipped the board.,AT,1.9,5.905361848,10.67885967,10.48434742,9.6164053
The hairstylist flipped the hair.,T,6.35,5.905361848,11.1948804,10.58755157,9.6164053
The hairstylist sprayed the pesticide.,AT,1.25,5.905361848,7.171656823,9.816479832,9.135293498
The hairstylist sprayed the foam.,T,5.95,5.905361848,9.557823198,10.29371311,9.135293498
The hairstylist washed the infant.,AT,2.85,5.905361848,10.84900694,10.78115184,10.98351148
The hairstylist washed the hair.,T,6.15,5.905361848,11.1948804,10.85032654,10.98351148
The hiker faced the camera.,AT,3.95,6.838405201,9.579971027,10.85553675,11.35589732
The hiker faced the mountain.,T,6.15,6.838405201,10.7345907,11.08646069,11.35589732
The horse drew the trailer.,AT,2.7,11.65417326,8.114025442,11.5493834,8.485083137
The horse drew the carriage.,T,4.05,11.65417326,9.399803037,11.80653892,8.485083137
The horse moved the suitcase.,AT,1.4,11.65417326,6.830874235,11.32372486,11.72723007
The horse moved the cart.,T,4.3,11.65417326,11.50806367,12.25916275,11.72723007
The horse pulled the suitcase.,AT,1.55,11.65417326,6.830874235,11.05283784,10.63067378
The horse pulled the cart.,T,4.95,11.65417326,11.50806367,11.98827573,10.63067378
The hostess explained the poem.,AT,1.75,7.810758117,10.28284822,11.37437082,10.06891724
The hostess explained the procedure.,T,4.1,7.810758117,10.58352416,11.43450601,10.06891724
The hound fetched the money.,AT,2.85,9.430599768,11.14158638,11.46722684,9.183996397
The hound fetched the bird.,T,5.05,9.430599768,10.93157008,11.42522358,9.183996397
The housemaid cleaned the fish.,AT,3.9,7.262628601,11.4569158,10.99930095,10.62580511
The housemaid cleaned the dish.,T,5.7,7.262628601,11.15119491,10.93815677,10.62580511
The housemaid cleaned the street.,AT,2.9,7.262628601,10.82498471,10.87291473,10.62580511
The housemaid cleaned the window.,T,6.65,7.262628601,10.5065459,10.80922697,10.62580511
The housemaid mopped the barracks.,AT,3.2,7.262628601,7.945909599,10.20278163,10.06168717
The housemaid mopped the floor.,T,6.7,7.262628601,10.31586207,10.67677213,10.06168717
The housemaid washed the boat.,AT,4,7.262628601,10.74300523,11.03140485,10.98351148
The housemaid washed the floor.,T,6.8,7.262628601,10.31586207,10.94597622,10.98351148
The housewife cleaned the shoe.,AT,5.45,8.201934351,10.53158942,11.00209683,10.62580511
The housewife cleaned the table.,T,6.3,8.201934351,11.17589907,11.13095876,10.62580511
The illusionist performed the surgery.,AT,1.5,7.215975003,9.539859923,11.16659179,11.25307903
The illusionist performed the trick.,T,5.05,7.215975003,10.13440084,11.28549998,11.25307903
The illustrator decorated the garden.,AT,3,7.422971251,10.34386925,10.80988948,10.821916
The illustrator decorated the book.,T,6.3,7.422971251,11.84813262,11.11074215,10.821916
The illustrator drew the carriage.,AT,5.15,7.422971251,9.399803037,10.96029852,8.485083137
The illustrator drew the picture.,T,6.3,7.422971251,10.56640746,11.1936194,8.485083137
The investor rented the bicycle.,AT,2.35,9.042276687,7.95927596,10.6511205,10.99420207
The investor rented the land.,T,4.05,9.042276687,12.33281542,11.52582839,10.99420207
The jockey rode the wave.,AT,1.6,8.395251521,10.86626103,11.70892527,9.789478636
The jockey rode the horse.,T,6.2,8.395251521,11.65417326,11.86650771,9.789478636
The journalist carried the milk.,AT,1.6,8.554488976,10.90780748,11.50403984,11.10370833
The journalist carried the article.,T,6.15,8.554488976,10.41924101,11.40632655,11.10370833
The journalist wrote the song.,AT,1.9,8.554488976,10.77048299,11.7305382,9.834083882
The journalist wrote the article.,T,6.85,8.554488976,10.41924101,11.66028981,9.834083882
The killer pulled the cart.,AT,2.5,7.512617545,11.50806367,11.15996458,10.63067378
The killer pulled the trigger.,T,6.6,7.512617545,8.687948112,10.59594147,10.63067378
The knight held the camera.,AT,2,9.789758787,9.579971027,11.80197543,10.14651216
The knight held the sword.,T,6.5,9.789758787,10.49307814,11.98459685,10.14651216
The librarian climbed the tree.,AT,1.8,8.367532417,11.13415097,11.0850076,9.345657669
The librarian climbed the ladder.,T,5.1,8.367532417,8.829079953,10.6239934,9.345657669
The librarian stacked the supply.,AT,3.85,8.367532417,10.1361457,10.86071771,9.216918687
The librarian stacked the book.,T,6.5,8.367532417,11.84813262,11.2031151,9.216918687
The lumberjack cut the meat.,AT,3.3,7.175489714,10.51006871,11.77982339,11.71992337
The lumberjack cut the tree.,T,6.55,7.175489714,11.13415097,11.90463984,11.71992337
The lumberjack stacked the book.,AT,2.2,7.175489714,11.84813262,10.96470655,9.216918687
The lumberjack stacked the wood.,T,6.75,7.175489714,11.84889043,10.96485812,9.216918687
The lumberjack used the lancet.,AT,2.75,7.175489714,8.249836485,11.15480205,12.22692374
The lumberjack used the saw.,T,6.15,7.175489714,11.06352414,11.71753958,12.22692374
The magician read the newspaper.,AT,4,8.033009499,10.14250445,11.92747411,11.96822147
The magician read the hand.,T,4.4,8.033009499,12.66807245,12.43258772,11.96822147
The manager rented the kayak.,AT,2.75,9.830325287,7.760893196,10.76905367,10.99420207
The manager rented the room.,T,3.65,9.830325287,10.71849832,11.36057469,10.99420207
The mason built the snowman.,AT,2.3,9.228671329,6.598509029,10.98964403,9.627404616
The mason built the house.,T,6.45,9.228671329,11.98804101,12.06755042,9.627404616
The mason fixed the bike.,AT,1.55,9.228671329,8.190354404,11.33517027,11.29729115
The mason fixed the roof.,T,4.15,9.228671329,10.11779216,11.72065782,11.29729115
The mason fixed the tire.,AT,3.25,9.228671329,10.34592726,11.76628484,11.29729115
The mason fixed the wall.,T,6.15,9.228671329,11.37780424,11.97266024,11.29729115
The mason mixed the soup.,AT,1.95,9.228671329,10.3913004,11.68032975,11.07856693
The mason mixed the cement.,T,6.65,9.228671329,9.854034669,11.57287661,11.07856693
The mechanic assembled the art.,AT,1.7,9.916897239,13.12833352,12.06992481,10.67929708
The mechanic assembled the bicycle.,T,4.5,9.916897239,7.95927596,11.03611329,10.67929708
The mechanic checked the groceries.,AT,2.3,9.916897239,6.423246964,10.66216357,10.77249798
The mechanic checked the tire.,T,6.7,9.916897239,10.34592726,11.44669963,10.77249798
The mechanic fixed the roof.,AT,2.1,9.916897239,10.11779216,11.858303,11.29729115
The mechanic fixed the tire.,T,6.45,9.916897239,10.34592726,11.90393003,11.29729115
The mechanic rented the boat.,AT,2.35,9.916897239,10.74300523,11.38279046,10.99420207
The mechanic rented the truck.,T,4.2,9.916897239,9.950514258,11.22429227,10.99420207
The mechanic spread the chocolate.,AT,1.65,9.916897239,8.721602345,11.58143275,9.775028986
The mechanic spread the coating.,T,3.65,9.916897239,7.654917048,11.36809569,9.775028986
The milkman carried the flag.,AT,2.6,6.516193076,11.29960847,11.17474086,11.10370833
The milkman carried the bottle.,T,6.7,6.516193076,9.750161533,10.86485147,11.10370833
The model faced the mountain.,AT,2.75,10.99867732,10.7345907,11.91851511,11.35589732
The model faced the camera.,T,6.9,10.99867732,9.579971027,11.68759118,11.35589732
The monkey grabbed the board.,AT,2.15,9.556762939,10.67885967,11.13856742,9.810549557
The monkey grabbed the banana.,T,6.15,9.556762939,8.32215107,10.6672257,9.810549557
The mother decorated the car.,AT,2.7,11.09895428,14.1218468,12.3006816,10.821916
The mother decorated the house.,T,6.45,11.09895428,11.98804101,11.87392044,10.821916
The mother held the flag.,AT,3.2,11.09895428,11.29960847,12.40774201,10.14651216
The mother held the child.,T,6.9,11.09895428,12.02586884,12.55299409,10.14651216
The mother hung the rifle.,AT,2.35,11.09895428,9.650013651,12.13261943,10.42049404
The mother hung the laundry.,T,5.8,11.09895428,8.080237416,11.81866418,10.42049404
The mother prepared the gun.,AT,3.05,11.09895428,11.56107733,12.2983921,11.27762077
The mother prepared the food.,T,6.4,11.09895428,10.95341717,12.17686007,11.27762077
The mother pushed the trash can.,AT,3.8,11.09895428,6.255750042,11.66957876,10.11585323
The mother pushed the stroller.,T,6.1,11.09895428,7.118826249,10.9202014,10.11585323
The mover moved the horse.,AT,2.85,9.3733092,11.65417326,11.83221185,11.72723007
The mover moved the furniture.,T,4.9,9.3733092,8.620110725,11.22539935,11.72723007
The musician entertained the demonstrator.,AT,4.2,8.565983356,7.244941546,10.60843527,10.10242038
The musician entertained the crowd.,T,6.4,8.565983356,9.76663637,11.11277423,10.10242038
The musician held the stone.,AT,1.6,8.565983356,11.02754014,11.84673416,10.14651216
The musician held the guitar.,T,6.55,8.565983356,9.016148643,11.44445586,10.14651216
The musician played the soccer.,AT,1.95,8.565983356,6.788971743,10.59986935,11.73117707
The musician played the song.,T,6.35,8.565983356,10.77048299,11.3961716,11.73117707
The musician read the menu.,AT,2.45,8.565983356,9.579141496,11.92139629,11.96822147
The musician read the music.,T,6.35,8.565983356,11.18587867,12.24274373,11.96822147
The musician touched the base.,AT,3.95,8.565983356,11.23893589,11.41442977,10.81977828
The musician touched the instrument.,T,6.4,8.565983356,10.83588783,11.33382016,10.81977828
The nanny heard the speech.,AT,3.2,7.560601163,10.59770916,11.5177929,9.937019036
The nanny heard the baby.,T,6.35,7.560601163,10.26042746,11.45033656,9.937019036
The nanny watched the landscape.,AT,4.05,7.560601163,9.180911561,10.68830503,10.8620712
The nanny watched the child.,T,6.35,7.560601163,12.02586884,11.25729649,10.8620712
The nurse handed the hose.,AT,2.35,10.09319841,9.08873755,11.39793369,12.66807245
The nurse handed the lancet.,T,5.8,10.09319841,8.249836485,11.23015348,12.66807245
The nurse pushed the mower.,AT,1.45,10.09319841,7.396948603,10.7746747,10.11585323
The nurse pushed the wheelchair.,T,5.9,10.09319841,7.474204806,10.79012594,10.11585323
The nurse washed the car.,AT,2.45,10.09319841,14.1218468,12.27328713,10.98351148
The nurse washed the infant.,T,6.45,10.09319841,10.84900694,11.61871915,10.98351148
The painter completed the race.,AT,2,8.823647949,11.15254366,11.80896205,11.21100923
The painter completed the painting.,T,6.35,8.823647949,9.599133946,11.49828011,11.21100923
The painter decorated the cake.,AT,2.6,8.823647949,9.267759863,10.87480294,10.821916
The painter decorated the wall.,T,6.6,8.823647949,11.37780424,11.29681182,10.821916
The painter mixed the drink.,AT,2.8,8.823647949,10.63859208,11.64878341,11.07856693
The painter mixed the paint.,T,6.35,8.823647949,10.79865679,11.68079635,11.07856693
The painter painted the toenail.,AT,2.45,8.823647949,7.449498005,10.72243943,10.79865679
The painter painted the picture.,T,6.7,8.823647949,10.56640746,11.34582132,10.79865679
The painter signed the agreement.,AT,3.65,8.823647949,10.65223499,11.56792383,12.54921544
The painter signed the paint.,T,5.9,8.823647949,10.79865679,11.59720819,12.54921544
The parent gave the gun.,AT,1.85,11.18546252,11.56107733,12.33160345,9.417842227
The parent gave the present.,T,5.7,11.18546252,11.76513061,12.3724141,9.417842227
The passenger bought the table.,AT,2.25,9.226607344,11.17589907,11.69020317,8.554874258
The passenger bought the ticket.,T,6.5,9.226607344,9.61480498,11.37798435,8.554874258
The passenger passed the ball.,AT,2.05,9.226607344,11.66416907,12.04859081,12.62649861
The passenger passed the check.,T,3.75,9.226607344,10.77249798,11.87025659,12.62649861
The passenger pulled the corpse.,AT,1.45,9.226607344,8.688116703,10.93877315,10.63067378
The passenger pulled the suitcase.,T,5.6,9.226607344,6.830874235,10.56732466,10.63067378
The patient fought the fire.,AT,1.95,11.11489267,11.95900775,12.20756936,8.470311206
The patient fought the cancer.,T,5.65,11.11489267,10.17355286,11.85047838,8.470311206
The patient reported the crime.,AT,2.25,11.11489267,10.56862099,12.38662699,11.76120641
The patient reported the symptom.,T,6.7,11.11489267,10.23931673,12.32076614,11.76120641
The philologist examined the camera.,AT,2.3,7.169350017,9.579971027,11.06262291,11.18005075
The philologist examined the book.,T,6.2,7.169350017,11.84813262,11.51625523,11.18005075
The photographer captured the thief.,AT,1.75,7.61085279,8.50167338,10.83423837,9.86562991
The photographer captured the image.,T,6.95,7.61085279,10.64732785,11.26336926,9.86562991
The photographer examined the dog.,AT,1.75,7.61085279,11.77820854,11.59057097,11.18005075
The photographer examined the camera.,T,6.7,7.61085279,9.579971027,11.15092346,11.18005075
The photographer prepared the food.,AT,2.7,7.61085279,10.95341717,11.47923977,11.27762077
The photographer prepared the camera.,T,6.4,7.61085279,9.579971027,11.20455054,11.27762077
The photographer used the stethoscope.,AT,1.75,7.61085279,7.104144093,11.01273619,12.22692374
The photographer used the camera.,T,6.65,7.61085279,9.579971027,11.50790157,12.22692374
The pilot began the performance.,AT,2.4,9.604811939,10.35891674,11.84536112,9.769441742
The pilot began the race.,T,4.8,9.604811939,11.15254366,12.0040865,9.769441742
The pilot started the concert.,AT,1.6,9.604811939,10.23257545,11.5997061,10.78373651
The pilot started the race.,T,2.95,9.604811939,11.15254366,11.78369974,10.78373651
The pilot won the lottery.,AT,2.8,9.604811939,7.518064181,11.67581173,11.76254735
The pilot won the race.,T,4.8,9.604811939,11.15254366,12.40270762,11.76254735
The player began the class.,AT,3.3,9.14889041,11.97610587,12.07761464,9.769441742
The player began the match.,T,5.7,9.14889041,10.35268242,11.75292995,9.769441742
The player enjoyed the beer.,AT,4.5,9.14889041,10.06479825,11.38901352,10.24110199
The player enjoyed the game.,T,6.65,9.14889041,10.84450992,11.54495586,10.24110199
The player gained the degree.,AT,3.2,9.14889041,10.37374115,11.38617689,10.84292824
The player gained the ball.,T,5.45,9.14889041,11.66416907,11.64426247,10.84292824
The player gathered the grass.,AT,2.4,9.14889041,10.59149656,11.39666892,9.968807019
The player gathered the ball.,T,5.55,9.14889041,11.66416907,11.61120342,9.968807019
The player passed the exam.,AT,4.45,9.14889041,11.87335137,12.07488388,12.62649861
The player passed the ball.,T,6.4,9.14889041,11.66416907,12.03304742,12.62649861
The player reached the moon.,AT,1.6,9.14889041,11.04389736,11.81863042,10.51251916
The player reached the goal.,T,6.45,9.14889041,10.40435375,11.6907217,10.51251916
The player touched the flower.,AT,1.7,9.14889041,10.85738231,11.45470047,10.81977828
The player touched the base.,T,5.5,9.14889041,11.23893589,11.53101118,10.81977828
The poet wrote the menu.,AT,1.75,11.49556565,9.579141496,12.08048524,9.834083882
The poet wrote the sonet.,T,5.8,11.49556565,8.397959103,11.84424876,9.834083882
The policeman captured the image.,AT,2.9,7.235619141,10.64732785,11.18832253,9.86562991
The policeman captured the thief.,T,6.8,7.235619141,8.50167338,10.75919164,9.86562991
The policeman checked the groceries.,AT,2,7.235619141,6.423246964,10.12590795,10.77249798
The policeman checked the bag.,T,5.55,7.235619141,11.16632814,11.07452418,10.77249798
The policeman examined the patient.,AT,2,7.235619141,11.11489267,11.38286106,11.18005075
The policeman examined the car.,T,5.95,7.235619141,14.1218468,11.98425189,11.18005075
The policeman fought the obesity.,AT,2.35,7.235619141,7.913886715,10.62269044,8.470311206
The policeman fought the crime.,T,6.4,7.235619141,10.56862099,11.1536373,8.470311206
The policeman hit the ball.,AT,2.7,7.235619141,11.66416907,11.96434546,11.42830396
The policeman hit the demonstrator.,T,4.75,7.235619141,7.244941546,11.08049996,11.42830396
The policeman pushed the stroller.,AT,2.6,7.235619141,7.118826249,10.14753437,10.11585323
The policeman pushed the demonstrator.,T,4.6,7.235619141,7.244941546,10.17275743,10.11585323
The politician signed the paint.,AT,2.25,9.026537719,10.79865679,11.63778614,12.54921544
The politician signed the agreement.,T,6.35,9.026537719,10.65223499,11.60850178,12.54921544
The porter carried the flag.,AT,2.65,9.528139343,11.29960847,11.77713011,11.10370833
The porter carried the bag.,T,5.1,9.528139343,11.16632814,11.75047405,11.10370833
The porter loaded the file.,AT,2.8,9.528139343,10.83334583,11.43749791,10.34380487
The porter loaded the luggage.,T,6.5,9.528139343,7.666221926,10.80407313,10.34380487
The porter stacked the wood.,AT,4,9.528139343,11.84889043,11.43538804,9.216918687
The porter stacked the suitcase.,T,5.5,9.528139343,6.830874235,10.4317848,9.216918687
The postman delivered the punch.,AT,2.7,7.431891917,9.805378459,11.12176907,10.93686775
The postman delivered the mail.,T,6.55,7.431891917,10.62762455,11.28621829,10.93686775
The president delivered the kick.,AT,2.9,10.20916916,9.792779431,11.67470472,10.93686775
The president delivered the speech.,T,6.8,10.20916916,10.59770916,11.83569066,10.93686775
The president gave the book.,AT,3.75,10.20916916,11.84813262,12.19375583,9.417842227
The president gave the speech.,T,6.8,10.20916916,10.59770916,11.94367114,9.417842227
The president promised the bicycle.,AT,2.25,10.20916916,7.95927596,11.22513234,11.13801381
The president promised the reform.,T,6.2,10.20916916,11.20682141,11.87464143,11.13801381
The president visited the grandmother.,AT,4.45,10.20916916,8.245121966,11.14005229,11.10019402
The president visited the school.,T,4.25,10.20916916,11.78379194,11.84778628,11.10019402
The priest celebrated the graduation.,AT,3.85,10.61221276,7.715123604,11.13876154,11.0421055
The priest celebrated the marriage.,T,6.5,10.61221276,10.56516987,11.70877079,11.0421055
The priest promised the promotion.,AT,2.2,10.61221276,9.064967719,11.52687941,11.13801381
The priest promised the salvation.,T,6.05,10.61221276,9.648014489,11.64348877,11.13801381
The priest taught the chemistry.,AT,1.85,10.61221276,8.349957272,11.49184888,9.003439196
The priest taught the bible.,T,6.8,10.61221276,7.747164967,11.37129042,9.003439196
The producer released the prisoner.,AT,1.6,9.543521484,9.916798567,11.60498371,10.38393644
The producer released the film.,T,6.3,9.543521484,10.5457361,11.73077122,10.38393644
The professor delivered the kick.,AT,1.65,9.619797501,9.792779431,11.55683038,10.93686775
The professor delivered the lecture.,T,6.6,9.619797501,9.701922012,11.5386589,10.93686775
The professor donated the organ.,AT,2.35,9.619797501,12.38694315,11.50476468,10.01735181
The professor donated the book.,T,4.8,9.619797501,11.84813262,11.39700257,10.01735181
The professor opened the jail.,AT,1.2,9.619797501,9.992276515,11.58704565,11.4584904
The professor opened the congress.,T,3,9.619797501,9.638740451,11.51633844,11.4584904
The professor taught the karate.,AT,3.25,9.619797501,7.054449658,11.0342643,9.003439196
The professor taught the language.,T,6,9.619797501,10.783301,11.78003457,9.003439196
The professor wore the goggles.,AT,4.7,9.619797501,6.308098442,10.77076396,8.432288684
The professor wore the tie.,T,5.95,9.619797501,11.81357065,11.8718584,8.432288684
The professor wrote the magazine.,AT,3.6,9.619797501,9.456887901,11.68088089,9.834083882
The professor wrote the book.,T,5.5,9.619797501,11.84813262,12.15912983,9.834083882
The programmer described the monument.,AT,2.95,7.120444372,9.927252906,11.39780641,10.99613207
The programmer described the software.,T,5.55,7.120444372,8.160232492,11.04440232,10.99613207
The programmer loaded the ammunition.,AT,1.75,7.120444372,8.648572269,10.5190042,10.34380487
The programmer loaded the file.,T,6.65,7.120444372,10.83334583,10.95595891,10.34380487
The programmer used the shovel.,AT,3.15,7.120444372,9.389573832,11.37174045,12.22692374
The programmer used the computer.,T,7,7.120444372,10.01681624,11.49718893,12.22692374
The pupil drew the turbine.,AT,2.95,10.37283472,8.349011198,11.34011284,8.485083137
The pupil drew the flower.,T,4.85,10.37283472,10.85738231,11.84178706,8.485083137
The pusher sold the chocolate.,AT,3,7.231287004,8.721602345,11.3702259,11.40460502
The pusher sold the drug.,T,5.85,7.231287004,10.77138604,11.78018264,11.40460502
The pyromaniac started the computer.,AT,1.8,6.612041035,10.01681624,10.95800008,10.78373651
The pyromaniac started the fire.,T,6.2,6.612041035,11.95900775,11.34643838,10.78373651
The receiver caught the wave.,AT,2.05,9.0205107,10.86626103,11.51487198,8.193953024
The receiver caught the baseball.,T,4.75,9.0205107,8.059908335,10.95360144,8.193953024
The referee moved the furniture.,AT,1.7,8.114922974,8.620110725,10.9737221,11.72723007
The referee moved the ball.,T,5.05,8.114922974,11.66416907,11.58253377,11.72723007
The refugee found the doll.,AT,3.15,8.846640813,11.01812082,12.18356673,11.55943684
The refugee found the shelter.,T,6,8.846640813,9.382022194,11.856347,11.55943684
The reporter brought the cake.,AT,1.85,8.450839691,9.267759863,11.32357903,9.405660415
The reporter brought the news.,T,6.8,8.450839691,11.44408972,11.758845,9.405660415
The reporter held the knife.,AT,1.85,8.450839691,9.549024446,11.52800229,10.14651216
The reporter held the camera.,T,4.5,8.450839691,9.579971027,11.53419161,10.14651216
The roofer climbed the rock.,AT,2.15,6.679599186,11.25896182,10.77238313,9.345657669
The roofer climbed the ladder.,T,6.6,6.679599186,8.829079953,10.28640675,9.345657669
The sailor faced the wall.,AT,2.1,9.165238398,11.37780424,11.68047004,11.35589732
The sailor faced the ocean.,T,6.75,9.165238398,10.28051889,11.46101297,11.35589732
The sailor mopped the classroom.,AT,3.2,9.165238398,8.867850063,10.76769169,10.06168717
The sailor mopped the deck.,T,4.6,9.165238398,10.0384991,11.00182149,10.06168717
The sailor tied the necktie.,AT,3.5,9.165238398,7.478734826,10.90283185,11.81357065
The sailor tied the rope.,T,6.25,9.165238398,10.07006075,11.42109703,11.81357065
The salesperson sent the gun.,AT,2.3,6.88550967,11.56107733,12.03318027,12.22567918
The salesperson sent the questionnaire.,T,3.45,6.88550967,7.928766322,11.30671806,12.22567918
The scientist reported the marriage.,AT,1.65,9.106312302,10.56516987,11.9842207,11.76120641
The scientist reported the finding.,T,6.4,9.106312302,9.813289285,11.83384458,11.76120641
The scoutmaster assembled the sailboat.,AT,4.25,6.510258341,7.326465614,10.22822345,10.67929708
The scoutmaster assembled the tent.,T,4.7,6.510258341,11.56777343,11.07648501,10.67929708
The sculptor carved the meat.,AT,2.45,8.211754397,10.51006871,11.12467652,9.819290394
The sculptor carved the stone.,T,5.55,8.211754397,11.02754014,11.2281708,9.819290394
The sculptor taught the skydiving.,AT,1.15,8.211754397,5.272999559,10.39636566,9.003439196
The sculptor taught the art.,T,5.85,8.211754397,13.12833352,11.96743245,9.003439196
The secretary wrote the sonet.,AT,3.55,9.464672465,8.397959103,11.43807012,9.834083882
The secretary wrote the note.,T,6.45,9.464672465,11.40886411,12.04025112,9.834083882
The sergeant assigned the homework.,AT,2.3,8.38526052,7.428927195,10.76116665,10.88986389
The sergeant assigned the mission.,T,6.6,8.38526052,10.88781069,11.45294335,10.88986389
The singer began the race.,AT,3.4,8.385716829,11.15254366,11.76026748,9.769441742
The singer began the performance.,T,6.5,8.385716829,10.35891674,11.60154209,9.769441742
The singer held the sword.,AT,1.5,8.385716829,10.49307814,11.70378846,10.14651216
The singer held the microphone.,T,6.55,8.385716829,6.775366091,10.96024605,10.14651216
The singer performed the trick.,AT,2,8.385716829,10.13440084,11.51944834,11.25307903
The singer performed the music.,T,6.7,8.385716829,11.18587867,11.72974391,11.25307903
The singer recorded the recipe.,AT,1.65,8.385716829,8.893298144,11.26981818,11.39285732
The singer recorded the song.,T,6.8,8.385716829,10.77048299,11.64525515,11.39285732
The singer started the videogame.,AT,3.2,8.385716829,5.774551546,10.4642823,10.78373651
The singer started the concert.,T,5.4,8.385716829,10.23257545,11.35588708,10.78373651
The skater rode the bus.,AT,3.9,7.075808864,12.36680022,11.74514458,9.789478636
The skater rode the skates.,T,6.25,7.075808864,6.469250317,10.56563459,9.789478636
The skier gained the ball.,AT,2.05,7.122866659,11.66416907,11.23905772,10.84292824
The skier gained the speed.,T,6.75,7.122866659,10.47460833,11.00114557,10.84292824
The skipper assembled the bicycle.,AT,2.15,7.912056888,7.95927596,10.63514522,10.67929708
The skipper assembled the sailboat.,T,3.8,7.912056888,7.326465614,10.50858316,10.67929708
The smuggler sold the flower.,AT,2.4,7.401841579,10.85738231,11.83149281,11.40460502
The smuggler sold the weapon.,T,6.5,7.401841579,10.07752489,11.67552133,11.40460502
The snowboarder flipped the bike.,AT,3.45,5.18178355,8.190354404,9.841930709,9.6164053
The snowboarder flipped the board.,T,6.6,5.18178355,10.67885967,10.33963176,9.6164053
The soldier carried the ball.,AT,1.7,10.53228286,11.66416907,12.05087094,11.10370833
The soldier carried the rifle.,T,7,10.53228286,9.650013651,11.64803985,11.10370833
The soldier celebrated the graduation.,AT,3.9,10.53228286,7.715123604,11.12277556,11.0421055
The soldier celebrated the victory.,T,5.2,10.53228286,9.7179408,11.523339,11.0421055
The soldier checked the burner.,AT,2.2,10.53228286,7.349230825,10.97043746,10.77249798
The soldier checked the rifle.,T,6.85,10.53228286,9.650013651,11.43059403,10.77249798
The soldier crossed the stage.,AT,2.45,10.53228286,10.89484865,11.71024559,12.05761324
The soldier crossed the river.,T,4.5,10.53228286,11.04236168,11.73974819,12.05761324
The soldier dug the pool.,AT,2.5,10.53228286,9.500918248,11.81166353,9.531481398
The soldier dug the trench.,T,5.15,10.53228286,9.65956715,11.84339331,9.531481398
The soldier fought the cancer.,AT,3.1,10.53228286,10.17355286,11.73395642,8.470311206
The soldier fought the enemy.,T,5.95,10.53228286,10.08058717,11.71536328,8.470311206
The soldier gathered the ball.,AT,1.75,10.53228286,11.66416907,11.88788191,9.968807019
The soldier gathered the ammunition.,T,6.25,10.53228286,8.648572269,11.28476255,9.968807019
The soldier gathered the grass.,AT,2.75,10.53228286,10.59149656,11.67334741,9.968807019
The soldier gathered the flag.,T,4.7,10.53228286,11.29960847,11.81496979,9.968807019
The soldier heard the poem.,AT,3.1,10.53228286,10.28284822,12.04915705,9.937019036
The soldier heard the command.,T,6.1,10.53228286,11.30607348,12.25380211,9.937019036
The soldier held the comb.,AT,3.65,10.53228286,11.87337229,12.40916049,10.14651216
The soldier held the flag.,T,5.2,10.53228286,11.29960847,12.29440773,10.14651216
The soldier hung the picture.,AT,3.2,10.53228286,10.56640746,12.2025639,10.42049404
The soldier hung the rifle.,T,5.8,10.53228286,9.650013651,12.01928514,10.42049404
The soldier reached the supermarket.,AT,3,10.53228286,6.65544035,11.21761751,10.51251916
The soldier reached the trench.,T,6.25,10.53228286,9.65956715,11.81844287,10.51251916
The soldier released the film.,AT,1.9,10.53228286,10.5457361,11.92852349,10.38393644
The soldier released the prisoner.,T,4.3,10.53228286,9.916798567,11.80273599,10.38393644
The soldier threw the ball.,AT,2.3,10.53228286,11.66416907,11.94993588,8.059592329
The soldier threw the bomb.,T,5.55,10.53228286,10.99891143,11.81688436,8.059592329
The soldier used the brush.,AT,3.8,10.53228286,10.0387175,12.18393688,12.22692374
The soldier used the knife.,T,5.05,10.53228286,9.549024446,12.08599827,12.22692374
The soldier wore the jeans.,AT,3.85,10.53228286,7.012115294,11.0940644,8.432288684
The soldier wore the helmet.,T,6.5,10.53228286,8.539150359,11.39947141,8.432288684
The soldier wore the pajamas.,AT,3.5,10.53228286,6.37331979,10.9663053,8.432288684
The soldier wore the uniform.,T,6.9,10.53228286,10.19988157,11.73161765,8.432288684
The speaker entertained the dog.,AT,3.15,9.269646478,11.77820854,11.65582129,10.10242038
The speaker entertained the audience.,T,5.9,9.269646478,9.923094082,11.2847984,10.10242038
The spectator bought the car.,AT,2.8,9.04180337,14.1218468,12.24243192,8.554874258
The spectator bought the ticket.,T,6.45,9.04180337,9.61480498,11.34102355,8.554874258
The spectator enjoyed the breakfast.,AT,4.25,9.04180337,9.143773128,11.18339109,10.24110199
The spectator enjoyed the game.,T,6.05,9.04180337,10.84450992,11.52353845,10.24110199
The spectator heard the horn.,AT,4.75,9.04180337,10.91100742,11.876693,9.937019036
The spectator heard the speech.,T,4.4,9.04180337,10.59770916,11.81403334,9.937019036
The spectator watched the bird.,AT,5.25,9.04180337,10.93157008,11.33467718,10.8620712
The spectator watched the game.,T,6.6,9.04180337,10.84450992,11.31726515,10.8620712
The speleologist examined the book.,AT,3.65,5.953243334,11.84813262,11.27303389,11.18005075
The speleologist examined the cave.,T,6,5.953243334,10.89901451,11.08321027,11.18005075
The spy passed the frisbee.,AT,1.55,9.903837491,6.154858094,11.08217465,12.62649861
The spy passed the information.,T,6.35,9.903837491,10.53150937,11.9575049,12.62649861
The student began the match.,AT,3.5,10.78033035,10.35268242,12.07921793,9.769441742
The student began the trip.,T,3.5,10.78033035,11.77624312,12.36393007,9.769441742
The student celebrated the marriage.,AT,3.45,10.78033035,10.56516987,11.74239431,11.0421055
The student celebrated the graduation.,T,6.7,10.78033035,7.715123604,11.17238506,11.0421055
The student completed the marathon.,AT,3.65,10.78033035,7.601402335,11.49007026,11.21100923
The student completed the project.,T,5.9,10.78033035,10.99551152,12.1688921,11.21100923
The student drank the gasoline.,AT,1.6,10.78033035,8.364275085,11.27682176,7.74586823
The student drank the beer.,T,4.6,10.78033035,10.06479825,11.6169264,7.74586823
The student drank the milk.,AT,4.9,10.78033035,10.90780748,11.78552824,7.74586823
The student drank the coffee.,T,4.95,10.78033035,9.935325309,11.59103181,7.74586823
The student enjoyed the marriage.,AT,3.6,10.78033035,10.56516987,11.81537583,10.24110199
The student enjoyed the beer.,T,4.7,10.78033035,10.06479825,11.71530151,10.24110199
The student heard the command.,AT,4.45,10.78033035,11.30607348,12.3034116,9.937019036
The student heard the lecture.,T,6.75,10.78033035,9.701922012,11.98258131,9.937019036
The student passed the river.,AT,2.95,10.78033035,11.04236168,12.23497393,12.62649861
The student passed the exam.,T,6.35,10.78033035,11.87335137,12.40117187,12.62649861
The student read the hand.,AT,2.4,10.78033035,12.66807245,12.98205188,11.96822147
The student read the book.,T,6.6,10.78033035,11.84813262,12.81806392,11.96822147
The student sent the bomb.,AT,1.2,10.78033035,10.99891143,12.69971122,12.22567918
The student sent the email.,T,6.1,10.78033035,8.255828427,12.15109462,12.22567918
The student threw the garbage.,AT,3.25,10.78033035,7.902857191,11.247283,8.059592329
The student threw the frisbee.,T,4.7,10.78033035,6.154858094,10.89768319,8.059592329
The student used the saw.,AT,2.9,10.78033035,11.06352414,12.43850771,12.22692374
The student used the computer.,T,6.35,10.78033035,10.01681624,12.22916613,12.22692374
The student wore the armor.,AT,3.05,10.78033035,9.513551246,11.64396109,8.432288684
The student wore the glasses.,T,5.775,10.78033035,7.601402335,11.2615313,8.432288684
The surfer caught the baseball.,AT,1.75,7.678326357,8.059908335,10.68516457,8.193953024
The surfer caught the wave.,T,7,7.678326357,10.86626103,11.24643511,8.193953024
The surfer flipped the pancake.,AT,2.55,7.678326357,7.830822995,10.26933299,9.6164053
The surfer flipped the board.,T,5,7.678326357,10.67885967,10.83894032,9.6164053
The surfer grabbed the frisbee.,AT,3.45,7.678326357,6.154858094,9.85807979,9.810549557
The surfer grabbed the board.,T,5.3,7.678326357,10.67885967,10.76288011,9.810549557
The surfer rode the camel.,AT,1.45,7.678326357,10.10589764,11.41346756,9.789478636
The surfer rode the wave.,T,6.2,7.678326357,10.86626103,11.56554024,9.789478636
The surfer wore the tie.,AT,2,7.678326357,11.81357065,11.48356417,8.432288684
The surfer wore the sunglasses.,T,5.95,7.678326357,5.777652323,10.2763805,8.432288684
The surfer wore the tuxedo.,AT,2.1,7.678326357,7.396948603,10.60023976,8.432288684
The surfer wore the swimsuit.,T,6.25,7.678326357,6.606650186,10.44218008,8.432288684
The surgeon examined the car.,AT,1.2,8.849083519,14.1218468,12.30694476,11.18005075
The surgeon examined the patient.,T,6.05,8.849083519,11.11489267,11.70555394,11.18005075
The surgeon performed the dance.,AT,2.4,8.849083519,10.07487454,11.60021642,11.25307903
The surgeon performed the surgery.,T,6.85,8.849083519,9.539859923,11.4932135,11.25307903
The surgeon used the rifle.,AT,1.9,8.849083519,9.650013651,11.76955625,12.22692374
The surgeon used the lancet.,T,4.95,8.849083519,8.249836485,11.48952081,12.22692374
The sweeper cleaned the window.,AT,3.9,7.508238775,10.5065459,10.85834901,10.62580511
The sweeper cleaned the street.,T,6.5,7.508238775,10.82498471,10.92203677,10.62580511
The swimmer wore the cloak.,AT,3.1,7.830425618,9.143452426,10.97996038,8.432288684
The swimmer wore the goggles.,T,6.2,7.830425618,6.308098442,10.41288958,8.432288684
The tailor sewed the wound.,AT,1.6,9.1372319,10.58185099,11.18145602,10.37111336
The tailor sewed the dress.,T,6.55,9.1372319,10.70618396,11.20632262,10.37111336
The teacher explained the tactic.,AT,4.55,10.66672034,9.123365358,11.71366669,10.06891724
The teacher explained the exercise.,T,6.9,10.66672034,10.2052944,11.9300525,10.06891724
The teacher gave the drug.,AT,1.4,10.66672034,10.77138604,12.06991675,9.417842227
The teacher gave the homework.,T,6.85,10.66672034,7.428927195,11.40142498,9.417842227
The teacher helped the patient.,AT,1.95,10.66672034,11.11489267,11.71433229,11.1131044
The teacher helped the child.,T,6.1,10.66672034,12.02586884,11.89652752,11.1131044
The teacher lent the gun.,AT,1.85,10.66672034,11.56107733,12.5297726,10.92743017
The teacher lent the book.,T,6.15,10.66672034,11.84813262,12.58718366,10.92743017
The teacher used the knife.,AT,2.85,10.66672034,9.549024446,12.11288577,12.22692374
The teacher used the blackboard.,T,5.95,10.66672034,7.44716836,11.69251455,12.22692374
The teenager heard the lecture.,AT,4.65,7.643482907,9.701922012,11.35521182,9.937019036
The teenager heard the music.,T,6.4,7.643482907,11.18587867,11.65200315,9.937019036
The terrorist released the book.,AT,1.8,8.062117583,11.84813262,11.69496974,10.38393644
The terrorist released the hostage.,T,3.45,8.062117583,8.184513753,10.96224597,10.38393644
The thief grabbed the banana.,AT,3.7,8.50167338,8.32215107,10.45620779,9.810549557
The thief grabbed the money.,T,5,8.50167338,11.14158638,11.02009485,9.810549557
The tourist read the bible.,AT,3,8.745921121,7.747164967,11.59098854,11.96822147
The tourist read the map.,T,6.4,8.745921121,10.73798237,12.18915202,11.96822147
The tourist rode the skates.,AT,3.7,8.745921121,6.469250317,10.89965705,9.789478636
The tourist rode the camel.,T,4.55,8.745921121,10.10589764,11.62698651,9.789478636
The tourist visited the patient.,AT,3,8.745921121,11.11489267,11.42135682,11.10019402
The tourist visited the museum.,T,5.95,8.745921121,8.870663004,10.97251089,11.10019402
The traveller checked the groceries.,AT,4.2,8.575273402,6.423246964,10.3938388,10.77249798
The traveller checked the bag.,T,6,8.575273402,11.16632814,11.34245503,10.77249798
The traveller checked the team.,AT,3,8.575273402,10.16052999,11.1412954,10.77249798
The traveller checked the watch.,T,4.4,8.575273402,10.8620712,11.28160365,10.77249798
The traveller handed the screwdriver.,AT,2.1,8.575273402,7.067319849,10.69006515,12.66807245
The traveller handed the bag.,T,5.8,8.575273402,11.16632814,11.50986681,12.66807245
The truck hit the bag.,AT,3.1,9.950514258,11.16632814,12.4077563,11.42830396
The truck hit the car.,T,4,9.950514258,14.1218468,12.99886004,11.42830396
The truck plowed the garden.,AT,2.3,9.950514258,10.34386925,11.28426742,9.728836502
The truck plowed the snow.,T,4.65,9.950514258,11.31238698,11.47797097,9.728836502
The undertaker dug the trench.,AT,3.2,7.614805365,9.65956715,11.25989781,9.531481398
The undertaker dug the grave.,T,4.15,7.614805365,10.95875731,11.51973585,9.531481398
The usurer lent the toy.,AT,1.9,7.650644551,10.16523624,11.64738923,10.92743017
The usurer lent the money.,T,5.2,7.650644551,11.14158638,11.84265925,10.92743017
The vandal sprayed the perfume.,AT,1.85,8.62299361,8.72955887,10.67158659,9.135293498
The vandal sprayed the paint.,T,6.2,8.62299361,10.79865679,11.08540618,9.135293498
The veterinarian examined the plant.,AT,2.2,7.25981961,11.69929714,11.50458205,11.18005075
The veterinarian examined the dog.,T,6.85,7.25981961,11.77820854,11.52036433,11.18005075
The violinist played the trumpet.,AT,3,7.849323818,9.612600349,11.02126316,11.73117707
The violinist played the violin.,T,6.9,7.849323818,9.209439967,10.94063108,11.73117707
The violinist wore the helmet.,AT,3.05,7.849323818,8.539150359,10.8628796,8.432288684
The violinist wore the tuxedo.,T,5.9,7.849323818,7.396948603,10.63443925,8.432288684
The volunteer brought the hatchet.,AT,1.75,9.140454245,8.795582217,11.36706641,9.405660415
The volunteer brought the food.,T,6.1,9.140454245,10.95341717,11.7986334,9.405660415
The waiter brought the guitar.,AT,1.55,7.718240952,9.016148643,11.12673703,9.405660415
The waiter brought the glass.,T,6.8,7.718240952,10.76964221,11.47743575,9.405660415
The waiter carried the rifle.,AT,1.55,7.718240952,9.650013651,11.08523147,11.10370833
The waiter carried the tray.,T,6.35,7.718240952,10.03368213,11.16196517,11.10370833
The waiter cleared the road.,AT,2.9,7.718240952,11.07044361,11.11736713,11.1854209
The waiter cleared the bar.,T,6.05,7.718240952,13.31550123,11.56637866,11.1854209
The waiter cleared the tube.,AT,2.6,7.718240952,11.40301015,11.18388044,11.1854209
The waiter cleared the table.,T,6.25,7.718240952,11.17589907,11.13845823,11.1854209
The waiter cut the hair.,AT,1.45,7.718240952,11.1948804,12.02533598,11.71992337
The waiter cut the cake.,T,4.85,7.718240952,9.267759863,11.63991187,11.71992337
The waiter delivered the speech.,AT,1.6,7.718240952,10.59770916,11.33750502,10.93686775
The waiter delivered the drink.,T,6.35,7.718240952,10.63859208,11.34568161,10.93686775
The waiter fetched the ball.,AT,1.85,7.718240952,11.66416907,11.22927161,9.183996397
The waiter fetched the water.,T,6.2,7.718240952,12.41675488,11.37978877,9.183996397
The waiter held the flag.,AT,3.5,7.718240952,11.29960847,11.73159935,10.14651216
The waiter held the bottle.,T,6.15,7.718240952,9.750161533,11.42170996,10.14651216
The waiter mixed the cement.,AT,1.5,7.718240952,9.854034669,11.27079053,11.07856693
The waiter mixed the drink.,T,5.4,7.718240952,10.63859208,11.42770201,11.07856693
The waiter opened the sarcophagus.,AT,1.35,7.718240952,7.192934221,10.64686589,11.4584904
The waiter opened the bottle.,T,6.25,7.718240952,9.750161533,11.15831135,11.4584904
The waiter poured the gasoline.,AT,1.4,7.718240952,8.364275085,10.56464636,11.18725073
The waiter poured the wine.,T,6.6,7.718240952,10.74019381,11.0398301,11.18725073
The waiter prepared the bomb.,AT,1.1,7.718240952,10.99891143,11.50981626,11.27762077
The waiter prepared the drink.,T,6.4,7.718240952,10.63859208,11.43775239,11.27762077
The witness explained the equation.,AT,1.8,10.53286925,9.824065486,11.8270365,10.06891724
The witness explained the circumstances.,T,5.6,10.53286925,10.2367045,11.9095643,10.06891724
The witness reported the birth.,AT,2.4,10.53286925,10.78739971,12.31397805,11.76120641
The witness reported the crime.,T,6.4,10.53286925,10.56862099,12.27022231,11.76120641
The woman carried the stone.,AT,3.1,10.80758424,11.02754014,11.97860543,11.10370833
The woman carried the bag.,T,6.25,10.80758424,11.16632814,12.00636303,11.10370833
The woman opened the manhole.,AT,2.4,10.80758424,6.931471806,11.21244206,11.4584904
The woman opened the bag.,T,6.45,10.80758424,11.16632814,12.05941333,11.4584904
The woman painted the sign.,AT,3.55,10.80758424,12.54921544,12.13917017,10.79865679
The woman painted the toenail.,T,6.1,10.80758424,7.449498005,11.11922669,10.79865679